<?xml version="1.0" encoding="UTF-8"?>
<DefaultAssociations>
  <Association Identifier=".3gp2" ProgId="WMP11.AssocFile.3G2" ApplicationName="Windows Media Player" />
  <Association Identifier=".acrobatsecuritysettings" ProgId="AcroExch.acrobatsecuritysettings" ApplicationName="Adobe Acrobat Reader DC" />
  <Association Identifier=".api" ProgId="AcroExch.Plugin" />
  <Association Identifier=".arw" ProgId="Applications\photoviewer.dll" ApplicationName="Windows Photo Viewer" />
  <Association Identifier=".bmp" ProgId="Applications\photoviewer.dll" ApplicationName="Windows Photo Viewer" />
  <Association Identifier=".cr2" ProgId="Applications\photoviewer.dll" ApplicationName="Windows Photo Viewer" />
  <Association Identifier=".crw" ProgId="Applications\photoviewer.dll" ApplicationName="Windows Photo Viewer" />
  <Association Identifier=".dib" ProgId="Applications\photoviewer.dll" ApplicationName="Windows Photo Viewer" />
  <Association Identifier=".emf" ProgId="Applications\photoviewer.dll" ApplicationName="Windows Photo Viewer" />
  <Association Identifier=".eps" ProgId="Applications\photoviewer.dll" ApplicationName="Windows Photo Viewer" />
  <Association Identifier=".erf" ProgId="Applications\photoviewer.dll" ApplicationName="Windows Photo Viewer" />
  <Association Identifier=".fdf" ProgId="AcroExch.FDFDoc" ApplicationName="Adobe Acrobat Reader DC" />
  <Association Identifier=".gif" ProgId="Applications\photoviewer.dll" ApplicationName="Windows Photo Viewer" />
  <Association Identifier=".htm" ProgId="htmlfile" ApplicationName="Internet Explorer" />
  <Association Identifier=".html" ProgId="htmlfile" ApplicationName="Internet Explorer" />
  <Association Identifier=".iso" ProgId="Windows.IsoFile" ApplicationName="Windows Verkenner" />
  <Association Identifier=".jfif" ProgId="Applications\photoviewer.dll" ApplicationName="Windows Photo Viewer" />
  <Association Identifier=".jpe" ProgId="Applications\photoviewer.dll" ApplicationName="Windows Photo Viewer" />
  <Association Identifier=".jpeg" ProgId="Applications\PhotoViewer.dll" ApplicationName="Windows Photo Viewer" />
  <Association Identifier=".jpg" ProgId="Applications\PhotoViewer.dll" ApplicationName="Windows Photo Viewer" />
  <Association Identifier=".jxr" ProgId="Applications\photoviewer.dll" ApplicationName="Windows Photo Viewer" />
  <Association Identifier=".kdc" ProgId="Applications\photoviewer.dll" ApplicationName="Windows Photo Viewer" />
  <Association Identifier=".MP2" ProgId="WMP11.AssocFile.MP3" ApplicationName="Windows Media Player" />
  <Association Identifier=".mpeg" ProgId="WMP11.AssocFile.mpeg" ApplicationName="Windows Media Player" />
  <Association Identifier=".mrw" ProgId="Applications\photoviewer.dll" ApplicationName="Windows Photo Viewer" />
  <Association Identifier=".nef" ProgId="Applications\photoviewer.dll" ApplicationName="Windows Photo Viewer" />
  <Association Identifier=".nrw" ProgId="Applications\photoviewer.dll" ApplicationName="Windows Photo Viewer" />
  <Association Identifier=".orf" ProgId="Applications\photoviewer.dll" ApplicationName="Windows Photo Viewer" />
  <Association Identifier=".oxps" ProgId="Windows.XPSReachViewer" ApplicationName="XPS-viewer" />
  <Association Identifier=".pdf" ProgId="AcroExch.Document.DC" ApplicationName="Adobe Acrobat Reader DC" />
  <Association Identifier=".pdfxml" ProgId="AcroExch.pdfxml" ApplicationName="Adobe Acrobat Reader DC" />
  <Association Identifier=".pef" ProgId="Applications\photoviewer.dll" ApplicationName="Windows Photo Viewer" />
  <Association Identifier=".png" ProgId="Applications\photoviewer.dll" ApplicationName="Windows Photo Viewer" />
  <Association Identifier=".raf" ProgId="Applications\photoviewer.dll" ApplicationName="Windows Photo Viewer" />
  <Association Identifier=".raw" ProgId="Applications\photoviewer.dll" ApplicationName="Windows Photo Viewer" />
  <Association Identifier=".rw2" ProgId="Applications\photoviewer.dll" ApplicationName="Windows Photo Viewer" />
  <Association Identifier=".rwl" ProgId="Applications\photoviewer.dll" ApplicationName="Windows Photo Viewer" />
  <Association Identifier=".secstore" ProgId="AcroExch.SecStore" />
  <Association Identifier=".sr2" ProgId="Applications\photoviewer.dll" ApplicationName="Windows Photo Viewer" />
  <Association Identifier=".srw" ProgId="Applications\photoviewer.dll" ApplicationName="Windows Photo Viewer" />
  <Association Identifier=".tif" ProgId="PhotoViewer.FileAssoc.Tiff" ApplicationName="Windows Photo Viewer" />
  <Association Identifier=".tiff" ProgId="PhotoViewer.FileAssoc.Tiff" ApplicationName="Windows Photo Viewer" />
  <Association Identifier=".txt" ProgId="txtfile" ApplicationName="Kladblok" />
  <Association Identifier=".url" ProgId="IE.AssocFile.URL" ApplicationName="Internetbrowser" />
  <Association Identifier=".wdp" ProgId="Applications\photoviewer.dll" ApplicationName="Windows Photo Viewer" />
  <Association Identifier=".website" ProgId="IE.AssocFile.WEBSITE" ApplicationName="Internet Explorer" />
  <Association Identifier=".wmf" ProgId="Applications\photoviewer.dll" ApplicationName="Windows Photo Viewer" />
  <Association Identifier=".xdp" ProgId="AcroExch.XDPDoc" ApplicationName="Adobe Acrobat Reader DC" />
  <Association Identifier=".xfdf" ProgId="AcroExch.XFDFDoc" ApplicationName="Adobe Acrobat Reader DC" />
  <Association Identifier=".xps" ProgId="Windows.XPSReachViewer" ApplicationName="XPS-viewer" />
  <Association Identifier="http" ProgId="IE.HTTP" ApplicationName="Internet Explorer" />
  <Association Identifier="https" ProgId="IE.HTTPS" ApplicationName="Internet Explorer" />
</DefaultAssociations>